Folio,Fecha de orden,Num. cliente,Nombre cliente,Ciudad,Estado,Vendedor,Region,Fecha de embarque,Empresa fletera,Forma de pago,Nombre del producto,Categoría,Precio unitario,Cantidad,Ingresos,Tarifa de envío
1001,27/01/2018,27,Empresa AA,Mazatlán,Sinaloa,Mayra Aguilar Sepúlveda,Occidente,29/01/2018,Empresa de embarque B,Cheque,Cerveza,Bebidas,196.00,49.00,9604.00,931.59
1002,27/01/2018,27,Empresa AA,Mazatlán,Sinaloa,Mayra Aguilar Sepúlveda,Occidente,29/01/2018,Empresa de embarque B,Cheque,Ciruelas secas,Frutas secas,49.00,47.00,2303.00,232.60
1003,04/01/2018,4,Empresa D,Querétaro,Querétaro,Andrés González Rico,Bajío,06/01/2018,Empresa de embarque A,Tarjeta de crédito,Peras secas,Frutas secas,420.00,69.00,28980.00,2782.08
1004,04/01/2018,4,Empresa D,Querétaro,Querétaro,Andrés González Rico,Bajío,06/01/2018,Empresa de embarque A,Tarjeta de crédito,Manzanas secas,Frutas secas,742.00,89.00,66038.00,6273.61
1005,04/01/2018,4,Empresa D,Querétaro,Querétaro,Andrés González Rico,Bajío,06/01/2018,Empresa de embarque A,Tarjeta de crédito,Ciruelas secas,Frutas secas,49.00,11.00,539.00,52.28
1006,12/01/2018,12,Empresa L,Mazatlán,Sinaloa,Mayra Aguilar Sepúlveda,Occidente,14/01/2018,Empresa de embarque B,Tarjeta de crédito,Té chai,Bebidas,252.00,81.00,20412.00,1979.96
1007,12/01/2018,12,Empresa L,Mazatlán,Sinaloa,Mayra Aguilar Sepúlveda,Occidente,14/01/2018,Empresa de embarque B,Tarjeta de crédito,Café,Bebidas,644.00,44.00,28336.00,2776.93
1008,08/01/2018,8,Empresa H,Monterrey,Nuevo León,Nancy Gil de la Peña,Norte,10/01/2018,Empresa de embarque C,Tarjeta de crédito,Galletas de chocolate,Productos horneados,128.80,38.00,4894.40,504.12
1009,04/01/2018,4,Empresa D,Querétaro,Querétaro,Andrés González Rico,Bajío,06/01/2018,Empresa de embarque C,Cheque,Galletas de chocolate,Productos horneados,128.80,88.00,11334.40,1110.77
1010,29/01/2018,29,Empresa CC,Puerto Vallarta,Jalisco,José de Jesús Morales,Occidente,31/01/2018,Empresa de embarque B,Cheque,Chocolate,Dulces,178.50,94.00,16779.00,1711.46
1011,03/01/2018,3,Empresa C,Acapulco,Guerrero,Mayra Aguilar Sepúlveda,Occidente,05/01/2018,Empresa de embarque B,Efectivo,Almejas,Sopas,135.10,91.00,12294.10,1290.88
1012,06/01/2018,6,Empresa F,Tijuana,Baja California,Luis Miguel Valdés Garza,Norte,08/01/2018,Empresa de embarque B,Tarjeta de crédito,Salsa curry,Salsas,560.00,32.00,17920.00,1863.68
1013,28/01/2018,28,Empresa BB,Toluca,Estado de México,Ana del Valle Hinojosa,Centro,30/01/2018,Empresa de embarque C,Cheque,Café,Bebidas,644.00,55.00,35420.00,3542.00
1014,08/01/2018,8,Empresa H,Monterrey,Nuevo León,Nancy Gil de la Peña,Norte,10/01/2018,Empresa de embarque C,Cheque,Chocolate,Dulces,178.50,47.00,8389.50,864.12
1015,10/01/2018,10,Empresa J,León,Guanajuato,Laura Gutiérrez Saenz,Bajío,12/01/2018,Empresa de embarque B,Tarjeta de crédito,Té verde,Bebidas,41.86,90.00,3767.40,388.04
1016,07/01/2018,7,Empresa G,Chihuahua,Chihuahua,Nancy Gil de la Peña,Norte,,,,Café,Bebidas,644.00,24.00,15456.00,1545.60
1017,10/01/2018,10,Empresa J,León,Guanajuato,Laura Gutiérrez Saenz,Bajío,12/01/2018,Empresa de embarque A,,Jalea de fresa,Mermeladas y jaleas,350.00,34.00,11900.00,1130.50
1018,10/01/2018,10,Empresa J,León,Guanajuato,Laura Gutiérrez Saenz,Bajío,12/01/2018,Empresa de embarque A,,Condimento cajún,Condimentos,308.00,17.00,5236.00,502.66
1019,10/01/2018,10,Empresa J,León,Guanajuato,Laura Gutiérrez Saenz,Bajío,12/01/2018,Empresa de embarque A,,Galletas de chocolate,Productos horneados,128.80,44.00,5667.20,589.39
1020,11/01/2018,11,Empresa K,Ciudad de México,Ciudad de México,Ana del Valle Hinojosa,Centro,,Empresa de embarque C,,Ciruelas secas,Frutas secas,49.00,81.00,3969.00,384.99
1021,11/01/2018,11,Empresa K,Ciudad de México,Ciudad de México,Ana del Valle Hinojosa,Centro,,Empresa de embarque C,,Té verde,Bebidas,41.86,49.00,2051.14,211.27
1022,01/01/2018,1,Empresa A,Torreón,Coahuila,Nancy Gil de la Peña,Norte,,,,Té chai,Bebidas,252.00,42.00,10584.00,1058.40
1023,01/01/2018,1,Empresa A,Torreón,Coahuila,Nancy Gil de la Peña,Norte,,,,Café,Bebidas,644.00,58.00,37352.00,3772.55
1024,01/01/2018,1,Empresa A,Torreón,Coahuila,Nancy Gil de la Peña,Norte,,,,Té verde,Bebidas,41.86,67.00,2804.62,280.46
1025,28/01/2018,28,Empresa BB,Toluca,Estado de México,Ana del Valle Hinojosa,Centro,30/01/2018,Empresa de embarque C,Tarjeta de crédito,Almejas,Sopas,135.10,100.00,13510.00,1310.47
1026,28/01/2018,28,Empresa BB,Toluca,Estado de México,Ana del Valle Hinojosa,Centro,30/01/2018,Empresa de embarque C,Tarjeta de crédito,Carne de cangrejo,Carne enlatada,257.60,63.00,16228.80,1606.65
1027,09/01/2018,9,Empresa I,Guadalajara,Jalisco,Robert Zárate Carrillo,Occidente,11/01/2018,Empresa de embarque A,Cheque,Ravioli,Pasta,273.00,57.00,15561.00,1540.54
1028,09/01/2018,9,Empresa I,Guadalajara,Jalisco,Robert Zárate Carrillo,Occidente,11/01/2018,Empresa de embarque A,Cheque,Mozzarella,Productos lácteos,487.20,81.00,39463.20,4143.64
1029,06/01/2018,6,Empresa F,Tijuana,Baja California,Luis Miguel Valdés Garza,Norte,08/01/2018,Empresa de embarque B,Tarjeta de crédito,Cerveza,Bebidas,196.00,71.00,13916.00,1335.94
1030,08/02/2018,8,Empresa H,Monterrey,Nuevo León,Nancy Gil de la Peña,Norte,10/02/2018,Empresa de embarque B,Cheque,Salsa curry,Salsas,560.00,32.00,17920.00,1809.92
1031,03/02/2018,3,Empresa C,Acapulco,Guerrero,Mayra Aguilar Sepúlveda,Occidente,05/02/2018,Empresa de embarque B,Efectivo,Jarabe,Condimentos,140.00,63.00,8820.00,917.28
1032,03/02/2018,3,Empresa C,Acapulco,Guerrero,Mayra Aguilar Sepúlveda,Occidente,05/02/2018,Empresa de embarque B,Efectivo,Salsa curry,Salsas,560.00,30.00,16800.00,1680.00
1033,06/02/2018,6,Empresa F,Tijuana,Baja California,Luis Miguel Valdés Garza,Norte,08/02/2018,Empresa de embarque B,Tarjeta de crédito,,Tarifa de envío,,,,602.00
1034,28/02/2018,28,Empresa BB,Toluca,Estado de México,Ana del Valle Hinojosa,Centro,02/03/2018,Empresa de embarque C,Cheque,,Tarifa de envío,,,,434.00
1035,08/02/2018,8,Empresa H,Monterrey,Nuevo León,Nancy Gil de la Peña,Norte,10/02/2018,Empresa de embarque C,Cheque,,Tarifa de envío,,,,644.00
1036,10/02/2018,10,Empresa J,León,Guanajuato,Laura Gutiérrez Saenz,Bajío,12/02/2018,Empresa de embarque B,Tarjeta de crédito,Almendras,Frutas secas,140.00,47.00,6580.00,684.32
1038,10/02/2018,10,Empresa J,León,Guanajuato,Laura Gutiérrez Saenz,Bajío,,Empresa de embarque A,,Ciruelas secas,Frutas secas,49.00,49.00,2401.00,230.50
1039,11/02/2018,11,Empresa K,Ciudad de México,Ciudad de México,Ana del Valle Hinojosa,Centro,,Empresa de embarque C,,Salsa curry,Salsas,560.00,72.00,40320.00,3991.68
1040,01/02/2018,1,Empresa A,Torreón,Coahuila,Nancy Gil de la Peña,Norte,,Empresa de embarque C,,Carne de cangrejo,Carne enlatada,257.60,13.00,3348.80,331.53
1041,28/02/2018,28,Empresa BB,Toluca,Estado de México,Ana del Valle Hinojosa,Centro,02/03/2018,Empresa de embarque C,Tarjeta de crédito,Café,Bebidas,644.00,32.00,20608.00,2081.41
1042,09/02/2018,9,Empresa I,Guadalajara,Jalisco,Robert Zárate Carrillo,Occidente,11/02/2018,Empresa de embarque A,Cheque,Almejas,Sopas,135.10,27.00,3647.70,346.53
1043,06/02/2018,6,Empresa F,Tijuana,Baja California,Luis Miguel Valdés Garza,Norte,08/02/2018,Empresa de embarque B,Tarjeta de crédito,Chocolate,Dulces,178.50,71.00,12673.50,1280.02
1044,08/02/2018,8,Empresa H,Monterrey,Nuevo León,Nancy Gil de la Peña,Norte,10/02/2018,Empresa de embarque B,Cheque,Chocolate,Dulces,178.50,13.00,2320.50,220.45
1045,25/02/2018,25,Empresa Y,León,Guanajuato,Laura Gutiérrez Saenz,Bajío,27/02/2018,Empresa de embarque A,Efectivo,Condimento cajún,Condimentos,308.00,98.00,30184.00,2867.48
1046,26/02/2018,26,Empresa Z,Ciudad de México,Ciudad de México,Ana del Valle Hinojosa,Centro,28/02/2018,Empresa de embarque C,Tarjeta de crédito,Jalea de fresa,Mermeladas y jaleas,350.00,21.00,7350.00,749.70
1047,01/03/2018,29,Empresa CC,Puerto Vallarta,Jalisco,José de Jesús Morales,Occidente,03/03/2018,Empresa de embarque B,Cheque,Cóctel de frutas,Frutas y vegetales,546.00,26.00,14196.00,1490.58
1048,06/02/2018,6,Empresa F,Tijuana,Baja California,Luis Miguel Valdés Garza,Norte,08/02/2018,Empresa de embarque C,Cheque,Peras secas,Frutas secas,420.00,96.00,40320.00,4152.96
1049,06/02/2018,6,Empresa F,Tijuana,Baja California,Luis Miguel Valdés Garza,Norte,08/02/2018,Empresa de embarque C,Cheque,Manzanas secas,Frutas secas,742.00,16.00,11872.00,1234.69
1050,04/02/2018,4,Empresa D,Querétaro,Querétaro,Andrés González Rico,Bajío,,,,Pasta penne,Pasta,532.00,96.00,51072.00,4851.84
1051,03/02/2018,3,Empresa C,Acapulco,Guerrero,Mayra Aguilar Sepúlveda,Occidente,,,,Té verde,Bebidas,41.86,75.00,3139.50,323.37
1052,09/03/2018,9,Empresa I,Guadalajara,Jalisco,Robert Zárate Carrillo,Occidente,11/03/2018,Empresa de embarque A,Cheque,Ravioli,Pasta,273.00,55.00,15015.00,1516.52
1053,09/03/2018,9,Empresa I,Guadalajara,Jalisco,Robert Zárate Carrillo,Occidente,11/03/2018,Empresa de embarque A,Cheque,Mozzarella,Productos lácteos,487.20,11.00,5359.20,514.48
1054,06/03/2018,6,Empresa F,Tijuana,Baja California,Luis Miguel Valdés Garza,Norte,08/03/2018,Empresa de embarque B,Tarjeta de crédito,Cerveza,Bebidas,196.00,53.00,10388.00,1007.64
1055,08/03/2018,8,Empresa H,Monterrey,Nuevo León,Nancy Gil de la Peña,Norte,10/03/2018,Empresa de embarque B,Cheque,Salsa curry,Salsas,560.00,85.00,47600.00,4998.00
1056,08/03/2018,8,Empresa H,Monterrey,Nuevo León,Nancy Gil de la Peña,Norte,10/03/2018,Empresa de embarque B,Cheque,Galletas de chocolate,Productos horneados,128.80,97.00,12493.60,1274.35
1057,25/03/2018,25,Empresa Y,León,Guanajuato,Laura Gutiérrez Saenz,Bajío,27/03/2018,Empresa de embarque A,Efectivo,Bolillos,Productos horneados,140.00,46.00,6440.00,650.44
1058,26/03/2018,26,Empresa Z,Ciudad de México,Ciudad de México,Ana del Valle Hinojosa,Centro,28/03/2018,Empresa de embarque C,Tarjeta de crédito,Aceite de oliva,Aceite,298.90,97.00,28993.30,2754.36
1059,26/03/2018,26,Empresa Z,Ciudad de México,Ciudad de México,Ana del Valle Hinojosa,Centro,28/03/2018,Empresa de embarque C,Tarjeta de crédito,Almejas,Sopas,135.10,97.00,13104.70,1336.68
1060,26/03/2018,26,Empresa Z,Ciudad de México,Ciudad de México,Ana del Valle Hinojosa,Centro,28/03/2018,Empresa de embarque C,Tarjeta de crédito,Carne de cangrejo,Carne enlatada,257.60,65.00,16744.00,1724.63
1061,29/03/2018,29,Empresa CC,Puerto Vallarta,Jalisco,José de Jesús Morales,Occidente,31/03/2018,Empresa de embarque B,Cheque,Cerveza,Bebidas,196.00,72.00,14112.00,1411.20
1062,06/03/2018,6,Empresa F,Tijuana,Baja California,Luis Miguel Valdés Garza,Norte,08/03/2018,Empresa de embarque C,Cheque,Chocolate,Dulces,178.50,16.00,2856.00,282.74
1064,04/03/2018,4,Empresa D,Querétaro,Querétaro,Andrés González Rico,Bajío,06/03/2018,Empresa de embarque A,Tarjeta de crédito,Mermelada de zarzamora,Mermeladas y jaleas,1134.00,77.00,87318.00,8993.75
1065,04/03/2018,4,Empresa D,Querétaro,Querétaro,Andrés González Rico,Bajío,06/03/2018,Empresa de embarque A,Tarjeta de crédito,Arroz de grano largo,Granos,98.00,37.00,3626.00,344.47
1067,08/03/2018,8,Empresa H,Monterrey,Nuevo León,Nancy Gil de la Peña,Norte,10/03/2018,Empresa de embarque C,Tarjeta de crédito,Mozzarella,Productos lácteos,487.20,63.00,30693.60,3038.67
1070,03/03/2018,3,Empresa C,Acapulco,Guerrero,Mayra Aguilar Sepúlveda,Occidente,05/03/2018,Empresa de embarque B,Efectivo,Jarabe,Condimentos,140.00,48.00,6720.00,672.00
1071,03/03/2018,3,Empresa C,Acapulco,Guerrero,Mayra Aguilar Sepúlveda,Occidente,05/03/2018,Empresa de embarque B,Efectivo,Salsa curry,Salsas,560.00,71.00,39760.00,4135.04
1075,10/03/2018,10,Empresa J,León,Guanajuato,Laura Gutiérrez Saenz,Bajío,12/03/2018,Empresa de embarque B,Tarjeta de crédito,Almendras,Frutas secas,140.00,55.00,7700.00,770.00
1077,10/03/2018,10,Empresa J,León,Guanajuato,Laura Gutiérrez Saenz,Bajío,,Empresa de embarque A,,Ciruelas secas,Frutas secas,49.00,21.00,1029.00,102.90
1078,11/03/2018,11,Empresa K,Ciudad de México,Ciudad de México,Ana del Valle Hinojosa,Centro,,Empresa de embarque C,,Salsa curry,Salsas,560.00,67.00,37520.00,3789.52
1079,01/03/2018,1,Empresa A,Torreón,Coahuila,Nancy Gil de la Peña,Norte,,Empresa de embarque C,,Carne de cangrejo,Carne enlatada,257.60,75.00,19320.00,1932.00
1080,28/03/2018,28,Empresa BB,Toluca,Estado de México,Ana del Valle Hinojosa,Centro,30/03/2018,Empresa de embarque C,Tarjeta de crédito,Café,Bebidas,644.00,17.00,10948.00,1127.64
1081,04/04/2018,4,Empresa D,Querétaro,Querétaro,Andrés González Rico,Bajío,06/04/2018,Empresa de embarque A,Tarjeta de crédito,Ciruelas secas,Frutas secas,49.00,48.00,2352.00,228.14
1082,12/04/2018,12,Empresa L,Mazatlán,Sinaloa,Mayra Aguilar Sepúlveda,Occidente,14/04/2018,Empresa de embarque B,Tarjeta de crédito,Té chai,Bebidas,252.00,74.00,18648.00,1920.74
1083,12/04/2018,12,Empresa L,Mazatlán,Sinaloa,Mayra Aguilar Sepúlveda,Occidente,14/04/2018,Empresa de embarque B,Tarjeta de crédito,Café,Bebidas,644.00,96.00,61824.00,5996.93
1084,08/04/2018,8,Empresa H,Monterrey,Nuevo León,Nancy Gil de la Peña,Norte,10/04/2018,Empresa de embarque C,Tarjeta de crédito,Galletas de chocolate,Productos horneados,128.80,12.00,1545.60,159.20
1085,04/04/2018,4,Empresa D,Querétaro,Querétaro,Andrés González Rico,Bajío,06/04/2018,Empresa de embarque C,Cheque,Galletas de chocolate,Productos horneados,128.80,62.00,7985.60,822.52
1086,29/04/2018,29,Empresa CC,Puerto Vallarta,Jalisco,José de Jesús Morales,Occidente,01/05/2018,Empresa de embarque B,Cheque,Chocolate,Dulces,178.50,35.00,6247.50,643.49
1087,03/04/2018,3,Empresa C,Acapulco,Guerrero,Mayra Aguilar Sepúlveda,Occidente,05/04/2018,Empresa de embarque B,Efectivo,Almejas,Sopas,135.10,95.00,12834.50,1283.45
1088,06/04/2018,6,Empresa F,Tijuana,Baja California,Luis Miguel Valdés Garza,Norte,08/04/2018,Empresa de embarque B,Tarjeta de crédito,Salsa curry,Salsas,560.00,17.00,9520.00,961.52
1089,28/04/2018,28,Empresa BB,Toluca,Estado de México,Ana del Valle Hinojosa,Centro,30/04/2018,Empresa de embarque C,Cheque,Café,Bebidas,644.00,96.00,61824.00,6491.52
1090,08/04/2018,8,Empresa H,Monterrey,Nuevo León,Nancy Gil de la Peña,Norte,10/04/2018,Empresa de embarque C,Cheque,Chocolate,Dulces,178.50,83.00,14815.50,1437.10
1091,10/04/2018,10,Empresa J,León,Guanajuato,Laura Gutiérrez Saenz,Bajío,12/04/2018,Empresa de embarque B,Tarjeta de crédito,Té verde,Bebidas,41.86,88.00,3683.68,364.68
1092,07/04/2018,7,Empresa G,Chihuahua,Chihuahua,Nancy Gil de la Peña,Norte,,,,Café,Bebidas,644.00,59.00,37996.00,3989.58
1093,10/04/2018,10,Empresa J,León,Guanajuato,Laura Gutiérrez Saenz,Bajío,12/04/2018,Empresa de embarque A,,Jalea de fresa,Mermeladas y jaleas,350.00,27.00,9450.00,963.90
1094,10/04/2018,10,Empresa J,León,Guanajuato,Laura Gutiérrez Saenz,Bajío,12/04/2018,Empresa de embarque A,,Condimento cajún,Condimentos,308.00,37.00,11396.00,1196.58
1095,10/04/2018,10,Empresa J,León,Guanajuato,Laura Gutiérrez Saenz,Bajío,12/04/2018,Empresa de embarque A,,Galletas de chocolate,Productos horneados,128.80,75.00,9660.00,966.00
1096,11/04/2018,11,Empresa K,Ciudad de México,Ciudad de México,Ana del Valle Hinojosa,Centro,,Empresa de embarque C,,Ciruelas secas,Frutas secas,49.00,71.00,3479.00,337.46
1097,11/04/2018,11,Empresa K,Ciudad de México,Ciudad de México,Ana del Valle Hinojosa,Centro,,Empresa de embarque C,,Té verde,Bebidas,41.86,88.00,3683.68,364.68
1098,01/04/2018,1,Empresa A,Torreón,Coahuila,Nancy Gil de la Peña,Norte,,,,Té chai,Bebidas,252.00,55.00,13860.00,1358.28
1099,29/05/2018,29,Empresa CC,Puerto Vallarta,Jalisco,José de Jesús Morales,Occidente,31/05/2018,Empresa de embarque B,Cheque,Chocolate,Dulces,178.50,14.00,2499.00,237.41
1100,03/05/2018,3,Empresa C,Acapulco,Guerrero,Mayra Aguilar Sepúlveda,Occidente,05/05/2018,Empresa de embarque B,Efectivo,Almejas,Sopas,135.10,43.00,5809.30,592.55
1101,06/05/2018,6,Empresa F,Tijuana,Baja California,Luis Miguel Valdés Garza,Norte,08/05/2018,Empresa de embarque B,Tarjeta de crédito,Salsa curry,Salsas,560.00,63.00,35280.00,3563.28
1102,28/05/2018,28,Empresa BB,Toluca,Estado de México,Ana del Valle Hinojosa,Centro,30/05/2018,Empresa de embarque C,Cheque,Café,Bebidas,644.00,36.00,23184.00,2318.40
1103,08/05/2018,8,Empresa H,Monterrey,Nuevo León,Nancy Gil de la Peña,Norte,10/05/2018,Empresa de embarque C,Cheque,Chocolate,Dulces,178.50,41.00,7318.50,761.12
1104,10/05/2018,10,Empresa J,León,Guanajuato,Laura Gutiérrez Saenz,Bajío,12/05/2018,Empresa de embarque B,Tarjeta de crédito,Té verde,Bebidas,41.86,35.00,1465.10,143.58
1105,07/05/2018,7,Empresa G,Chihuahua,Chihuahua,Nancy Gil de la Peña,Norte,,,,Café,Bebidas,644.00,31.00,19964.00,1916.54
1106,10/05/2018,10,Empresa J,León,Guanajuato,Laura Gutiérrez Saenz,Bajío,12/05/2018,Empresa de embarque A,,Jalea de fresa,Mermeladas y jaleas,350.00,52.00,18200.00,1729.00
1107,10/05/2018,10,Empresa J,León,Guanajuato,Laura Gutiérrez Saenz,Bajío,12/05/2018,Empresa de embarque A,,Condimento cajún,Condimentos,308.00,30.00,9240.00,942.48
1108,10/05/2018,10,Empresa J,León,Guanajuato,Laura Gutiérrez Saenz,Bajío,12/05/2018,Empresa de embarque A,,Galletas de chocolate,Productos horneados,128.80,41.00,5280.80,538.64
1109,11/05/2018,11,Empresa K,Ciudad de México,Ciudad de México,Ana del Valle Hinojosa,Centro,,Empresa de embarque C,,Ciruelas secas,Frutas secas,49.00,44.00,2156.00,213.44
1110,11/05/2018,11,Empresa K,Ciudad de México,Ciudad de México,Ana del Valle Hinojosa,Centro,,Empresa de embarque C,,Té verde,Bebidas,41.86,77.00,3223.22,322.32
1111,01/05/2018,1,Empresa A,Torreón,Coahuila,Nancy Gil de la Peña,Norte,,,,Té chai,Bebidas,252.00,29.00,7308.00,738.11
1112,01/05/2018,1,Empresa A,Torreón,Coahuila,Nancy Gil de la Peña,Norte,,,,Café,Bebidas,644.00,77.00,49588.00,5157.15
1113,01/05/2018,1,Empresa A,Torreón,Coahuila,Nancy Gil de la Peña,Norte,,,,Té verde,Bebidas,41.86,73.00,3055.78,305.58
1114,28/05/2018,28,Empresa BB,Toluca,Estado de México,Ana del Valle Hinojosa,Centro,30/05/2018,Empresa de embarque C,Tarjeta de crédito,Almejas,Sopas,135.10,74.00,9997.40,949.75
1115,28/05/2018,28,Empresa BB,Toluca,Estado de México,Ana del Valle Hinojosa,Centro,30/05/2018,Empresa de embarque C,Tarjeta de crédito,Carne de cangrejo,Carne enlatada,257.60,25.00,6440.00,650.44
1116,09/05/2018,9,Empresa I,Guadalajara,Jalisco,Robert Zárate Carrillo,Occidente,11/05/2018,Empresa de embarque A,Cheque,Ravioli,Pasta,273.00,82.00,22386.00,2149.06
1117,09/05/2018,9,Empresa I,Guadalajara,Jalisco,Robert Zárate Carrillo,Occidente,11/05/2018,Empresa de embarque A,Cheque,Mozzarella,Productos lácteos,487.20,37.00,18026.40,1856.72
1118,06/05/2018,6,Empresa F,Tijuana,Baja California,Luis Miguel Valdés Garza,Norte,08/05/2018,Empresa de embarque B,Tarjeta de crédito,Cerveza,Bebidas,196.00,84.00,16464.00,1580.54
1119,08/05/2018,8,Empresa H,Monterrey,Nuevo León,Nancy Gil de la Peña,Norte,10/05/2018,Empresa de embarque B,Cheque,Salsa curry,Salsas,560.00,73.00,40880.00,3965.36
1120,08/05/2018,8,Empresa H,Monterrey,Nuevo León,Nancy Gil de la Peña,Norte,10/05/2018,Empresa de embarque B,Cheque,Galletas de chocolate,Productos horneados,128.80,51.00,6568.80,624.04
1121,25/05/2018,25,Empresa Y,León,Guanajuato,Laura Gutiérrez Saenz,Bajío,27/05/2018,Empresa de embarque A,Efectivo,Bolillos,Productos horneados,140.00,66.00,9240.00,960.96
1122,26/05/2018,26,Empresa Z,Ciudad de México,Ciudad de México,Ana del Valle Hinojosa,Centro,28/05/2018,Empresa de embarque C,Tarjeta de crédito,Aceite de oliva,Aceite,298.90,36.00,10760.40,1043.76
1123,26/05/2018,26,Empresa Z,Ciudad de México,Ciudad de México,Ana del Valle Hinojosa,Centro,28/05/2018,Empresa de embarque C,Tarjeta de crédito,Almejas,Sopas,135.10,87.00,11753.70,1222.38
1124,26/05/2018,26,Empresa Z,Ciudad de México,Ciudad de México,Ana del Valle Hinojosa,Centro,28/05/2018,Empresa de embarque C,Tarjeta de crédito,Carne de cangrejo,Carne enlatada,257.60,64.00,16486.40,1615.67
1125,29/05/2018,29,Empresa CC,Puerto Vallarta,Jalisco,José de Jesús Morales,Occidente,31/05/2018,Empresa de embarque B,Cheque,Cerveza,Bebidas,196.00,21.00,4116.00,432.18
1126,06/05/2018,6,Empresa F,Tijuana,Baja California,Luis Miguel Valdés Garza,Norte,08/05/2018,Empresa de embarque C,Cheque,Chocolate,Dulces,178.50,19.00,3391.50,342.54
1128,04/05/2018,4,Empresa D,Querétaro,Querétaro,Andrés González Rico,Bajío,06/05/2018,Empresa de embarque A,Tarjeta de crédito,Mermelada de zarzamora,Mermeladas y jaleas,1134.00,23.00,26082.00,2738.61
1129,04/05/2018,4,Empresa D,Querétaro,Querétaro,Andrés González Rico,Bajío,06/05/2018,Empresa de embarque A,Tarjeta de crédito,Arroz de grano largo,Granos,98.00,72.00,7056.00,726.77
1131,08/05/2018,8,Empresa H,Monterrey,Nuevo León,Nancy Gil de la Peña,Norte,10/05/2018,Empresa de embarque C,Tarjeta de crédito,Mozzarella,Productos lácteos,487.20,22.00,10718.40,1050.40
1134,03/05/2018,3,Empresa C,Acapulco,Guerrero,Mayra Aguilar Sepúlveda,Occidente,05/05/2018,Empresa de embarque B,Efectivo,Jarabe,Condimentos,140.00,82.00,11480.00,1193.92
1135,03/05/2018,3,Empresa C,Acapulco,Guerrero,Mayra Aguilar Sepúlveda,Occidente,05/05/2018,Empresa de embarque B,Efectivo,Salsa curry,Salsas,560.00,98.00,54880.00,5762.40
1138,07/06/2018,7,Empresa G,Chihuahua,Chihuahua,Nancy Gil de la Peña,Norte,,,,Café,Bebidas,644.00,71.00,45724.00,4343.78
1139,10/06/2018,10,Empresa J,León,Guanajuato,Laura Gutiérrez Saenz,Bajío,12/06/2018,Empresa de embarque A,,Jalea de fresa,Mermeladas y jaleas,350.00,40.00,14000.00,1470.00
1140,10/06/2018,10,Empresa J,León,Guanajuato,Laura Gutiérrez Saenz,Bajío,12/06/2018,Empresa de embarque A,,Condimento cajún,Condimentos,308.00,80.00,24640.00,2414.72
1141,10/06/2018,10,Empresa J,León,Guanajuato,Laura Gutiérrez Saenz,Bajío,12/06/2018,Empresa de embarque A,,Galletas de chocolate,Productos horneados,128.80,38.00,4894.40,464.97
1142,11/06/2018,11,Empresa K,Ciudad de México,Ciudad de México,Ana del Valle Hinojosa,Centro,,Empresa de embarque C,,Ciruelas secas,Frutas secas,49.00,28.00,1372.00,144.06
1143,11/06/2018,11,Empresa K,Ciudad de México,Ciudad de México,Ana del Valle Hinojosa,Centro,,Empresa de embarque C,,Té verde,Bebidas,41.86,60.00,2511.60,246.14
1144,01/06/2018,1,Empresa A,Torreón,Coahuila,Nancy Gil de la Peña,Norte,,,,Té chai,Bebidas,252.00,33.00,8316.00,814.97
1145,01/06/2018,1,Empresa A,Torreón,Coahuila,Nancy Gil de la Peña,Norte,,,,Café,Bebidas,644.00,22.00,14168.00,1416.80
1146,01/06/2018,1,Empresa A,Torreón,Coahuila,Nancy Gil de la Peña,Norte,,,,Té verde,Bebidas,41.86,51.00,2134.86,209.22
1147,28/06/2018,28,Empresa BB,Toluca,Estado de México,Ana del Valle Hinojosa,Centro,30/06/2018,Empresa de embarque C,Tarjeta de crédito,Almejas,Sopas,135.10,60.00,8106.00,802.49
1148,28/06/2018,28,Empresa BB,Toluca,Estado de México,Ana del Valle Hinojosa,Centro,30/06/2018,Empresa de embarque C,Tarjeta de crédito,Carne de cangrejo,Carne enlatada,257.60,98.00,25244.80,2574.97
1149,09/06/2018,9,Empresa I,Guadalajara,Jalisco,Robert Zárate Carrillo,Occidente,11/06/2018,Empresa de embarque A,Cheque,Ravioli,Pasta,273.00,27.00,7371.00,714.99
1150,09/06/2018,9,Empresa I,Guadalajara,Jalisco,Robert Zárate Carrillo,Occidente,11/06/2018,Empresa de embarque A,Cheque,Mozzarella,Productos lácteos,487.20,88.00,42873.60,4244.49
1151,06/06/2018,6,Empresa F,Tijuana,Baja California,Luis Miguel Valdés Garza,Norte,08/06/2018,Empresa de embarque B,Tarjeta de crédito,Cerveza,Bebidas,196.00,65.00,12740.00,1337.70
1152,08/06/2018,8,Empresa H,Monterrey,Nuevo León,Nancy Gil de la Peña,Norte,10/06/2018,Empresa de embarque B,Cheque,Salsa curry,Salsas,560.00,38.00,21280.00,2085.44
1153,08/06/2018,8,Empresa H,Monterrey,Nuevo León,Nancy Gil de la Peña,Norte,10/06/2018,Empresa de embarque B,Cheque,Galletas de chocolate,Productos horneados,128.80,80.00,10304.00,989.18
1154,25/06/2018,25,Empresa Y,León,Guanajuato,Laura Gutiérrez Saenz,Bajío,27/06/2018,Empresa de embarque A,Efectivo,Bolillos,Productos horneados,140.00,49.00,6860.00,658.56
1155,26/06/2018,26,Empresa Z,Ciudad de México,Ciudad de México,Ana del Valle Hinojosa,Centro,28/06/2018,Empresa de embarque C,Tarjeta de crédito,Aceite de oliva,Aceite,298.90,90.00,26901.00,2609.40
1156,26/06/2018,26,Empresa Z,Ciudad de México,Ciudad de México,Ana del Valle Hinojosa,Centro,28/06/2018,Empresa de embarque C,Tarjeta de crédito,Almejas,Sopas,135.10,60.00,8106.00,834.92
1157,26/06/2018,26,Empresa Z,Ciudad de México,Ciudad de México,Ana del Valle Hinojosa,Centro,28/06/2018,Empresa de embarque C,Tarjeta de crédito,Carne de cangrejo,Carne enlatada,257.60,39.00,10046.40,1004.64
1158,29/06/2018,29,Empresa CC,Puerto Vallarta,Jalisco,José de Jesús Morales,Occidente,01/07/2018,Empresa de embarque B,Cheque,Cerveza,Bebidas,196.00,79.00,15484.00,1594.85
1159,06/06/2018,6,Empresa F,Tijuana,Baja California,Luis Miguel Valdés Garza,Norte,08/06/2018,Empresa de embarque C,Cheque,Chocolate,Dulces,178.50,44.00,7854.00,801.11
1161,04/06/2018,4,Empresa D,Querétaro,Querétaro,Andrés González Rico,Bajío,06/06/2018,Empresa de embarque A,Tarjeta de crédito,Mermelada de zarzamora,Mermeladas y jaleas,1134.00,98.00,111132.00,10779.80
1162,04/06/2018,4,Empresa D,Querétaro,Querétaro,Andrés González Rico,Bajío,06/06/2018,Empresa de embarque A,Tarjeta de crédito,Arroz de grano largo,Granos,98.00,61.00,5978.00,591.82
1164,08/06/2018,8,Empresa H,Monterrey,Nuevo León,Nancy Gil de la Peña,Norte,10/06/2018,Empresa de embarque C,Tarjeta de crédito,Mozzarella,Productos lácteos,487.20,30.00,14616.00,1534.68
1167,03/06/2018,3,Empresa C,Acapulco,Guerrero,Mayra Aguilar Sepúlveda,Occidente,05/06/2018,Empresa de embarque B,Efectivo,Jarabe,Condimentos,140.00,24.00,3360.00,352.80
1168,03/06/2018,3,Empresa C,Acapulco,Guerrero,Mayra Aguilar Sepúlveda,Occidente,05/06/2018,Empresa de embarque B,Efectivo,Salsa curry,Salsas,560.00,28.00,15680.00,1536.64
1172,10/06/2018,10,Empresa J,León,Guanajuato,Laura Gutiérrez Saenz,Bajío,12/06/2018,Empresa de embarque B,Tarjeta de crédito,Almendras,Frutas secas,140.00,74.00,10360.00,1004.92
1174,10/06/2018,10,Empresa J,León,Guanajuato,Laura Gutiérrez Saenz,Bajío,,Empresa de embarque A,,Ciruelas secas,Frutas secas,49.00,90.00,4410.00,423.36
1175,11/06/2018,11,Empresa K,Ciudad de México,Ciudad de México,Ana del Valle Hinojosa,Centro,,Empresa de embarque C,,Salsa curry,Salsas,560.00,27.00,15120.00,1557.36
1176,01/06/2018,1,Empresa A,Torreón,Coahuila,Nancy Gil de la Peña,Norte,,Empresa de embarque C,,Carne de cangrejo,Carne enlatada,257.60,71.00,18289.60,1920.41
1177,28/06/2018,28,Empresa BB,Toluca,Estado de México,Ana del Valle Hinojosa,Centro,30/06/2018,Empresa de embarque C,Tarjeta de crédito,Café,Bebidas,644.00,74.00,47656.00,4765.60
1178,09/06/2018,9,Empresa I,Guadalajara,Jalisco,Robert Zárate Carrillo,Occidente,11/06/2018,Empresa de embarque A,Cheque,Almejas,Sopas,135.10,76.00,10267.60,1016.49
1179,06/06/2018,6,Empresa F,Tijuana,Baja California,Luis Miguel Valdés Garza,Norte,08/06/2018,Empresa de embarque B,Tarjeta de crédito,Chocolate,Dulces,178.50,96.00,17136.00,1730.74
1180,08/06/2018,8,Empresa H,Monterrey,Nuevo León,Nancy Gil de la Peña,Norte,10/06/2018,Empresa de embarque B,Cheque,Chocolate,Dulces,178.50,92.00,16422.00,1625.78
1181,25/06/2018,25,Empresa Y,León,Guanajuato,Laura Gutiérrez Saenz,Bajío,27/06/2018,Empresa de embarque A,Efectivo,Condimento cajún,Condimentos,308.00,93.00,28644.00,2807.11
1182,26/06/2018,26,Empresa Z,Ciudad de México,Ciudad de México,Ana del Valle Hinojosa,Centro,28/06/2018,Empresa de embarque C,Tarjeta de crédito,Jalea de fresa,Mermeladas y jaleas,350.00,18.00,6300.00,598.50
1183,29/06/2018,29,Empresa CC,Puerto Vallarta,Jalisco,José de Jesús Morales,Occidente,01/07/2018,Empresa de embarque B,Cheque,Cóctel de frutas,Frutas y vegetales,546.00,98.00,53508.00,5564.83
1184,06/06/2018,6,Empresa F,Tijuana,Baja California,Luis Miguel Valdés Garza,Norte,08/06/2018,Empresa de embarque C,Cheque,Peras secas,Frutas secas,420.00,46.00,19320.00,1893.36
1185,06/06/2018,6,Empresa F,Tijuana,Baja California,Luis Miguel Valdés Garza,Norte,08/06/2018,Empresa de embarque C,Cheque,Manzanas secas,Frutas secas,742.00,14.00,10388.00,1038.80
1186,04/06/2018,4,Empresa D,Querétaro,Querétaro,Andrés González Rico,Bajío,,,,Pasta penne,Pasta,532.00,85.00,45220.00,4476.78
1187,03/06/2018,3,Empresa C,Acapulco,Guerrero,Mayra Aguilar Sepúlveda,Occidente,,,,Té verde,Bebidas,41.86,88.00,3683.68,357.32
1188,01/07/2018,1,Empresa A,Torreón,Coahuila,Nancy Gil de la Peña,Norte,,,,Té verde,Bebidas,41.86,81.00,3390.66,335.68
1189,28/07/2018,28,Empresa BB,Toluca,Estado de México,Ana del Valle Hinojosa,Centro,30/07/2018,Empresa de embarque C,Tarjeta de crédito,Almejas,Sopas,135.10,33.00,4458.30,423.54
1190,28/07/2018,28,Empresa BB,Toluca,Estado de México,Ana del Valle Hinojosa,Centro,30/07/2018,Empresa de embarque C,Tarjeta de crédito,Carne de cangrejo,Carne enlatada,257.60,47.00,12107.20,1271.26
1191,09/07/2018,9,Empresa I,Guadalajara,Jalisco,Robert Zárate Carrillo,Occidente,11/07/2018,Empresa de embarque A,Cheque,Ravioli,Pasta,273.00,61.00,16653.00,1731.91
1192,09/07/2018,9,Empresa I,Guadalajara,Jalisco,Robert Zárate Carrillo,Occidente,11/07/2018,Empresa de embarque A,Cheque,Mozzarella,Productos lácteos,487.20,27.00,13154.40,1341.75
1193,06/07/2018,6,Empresa F,Tijuana,Baja California,Luis Miguel Valdés Garza,Norte,08/07/2018,Empresa de embarque B,Tarjeta de crédito,Cerveza,Bebidas,196.00,84.00,16464.00,1662.86
1194,08/07/2018,8,Empresa H,Monterrey,Nuevo León,Nancy Gil de la Peña,Norte,10/07/2018,Empresa de embarque B,Cheque,Salsa curry,Salsas,560.00,91.00,50960.00,5045.04
1195,08/07/2018,8,Empresa H,Monterrey,Nuevo León,Nancy Gil de la Peña,Norte,10/07/2018,Empresa de embarque B,Cheque,Galletas de chocolate,Productos horneados,128.80,36.00,4636.80,482.23
1196,25/07/2018,25,Empresa Y,León,Guanajuato,Laura Gutiérrez Saenz,Bajío,27/07/2018,Empresa de embarque A,Efectivo,Bolillos,Productos horneados,140.00,34.00,4760.00,480.76
1197,26/07/2018,26,Empresa Z,Ciudad de México,Ciudad de México,Ana del Valle Hinojosa,Centro,28/07/2018,Empresa de embarque C,Tarjeta de crédito,Aceite de oliva,Aceite,298.90,81.00,24210.90,2493.72
1198,26/07/2018,26,Empresa Z,Ciudad de México,Ciudad de México,Ana del Valle Hinojosa,Centro,28/07/2018,Empresa de embarque C,Tarjeta de crédito,Almejas,Sopas,135.10,25.00,3377.50,327.62
1199,26/07/2018,26,Empresa Z,Ciudad de México,Ciudad de México,Ana del Valle Hinojosa,Centro,28/07/2018,Empresa de embarque C,Tarjeta de crédito,Carne de cangrejo,Carne enlatada,257.60,12.00,3091.20,309.12
1200,29/07/2018,29,Empresa CC,Puerto Vallarta,Jalisco,José de Jesús Morales,Occidente,31/07/2018,Empresa de embarque B,Cheque,Cerveza,Bebidas,196.00,23.00,4508.00,432.77
1201,06/07/2018,6,Empresa F,Tijuana,Baja California,Luis Miguel Valdés Garza,Norte,08/07/2018,Empresa de embarque C,Cheque,Chocolate,Dulces,178.50,76.00,13566.00,1370.17
1203,04/07/2018,4,Empresa D,Querétaro,Querétaro,Andrés González Rico,Bajío,06/07/2018,Empresa de embarque A,Tarjeta de crédito,Mermelada de zarzamora,Mermeladas y jaleas,1134.00,55.00,62370.00,6237.00
1204,04/07/2018,4,Empresa D,Querétaro,Querétaro,Andrés González Rico,Bajío,06/07/2018,Empresa de embarque A,Tarjeta de crédito,Arroz de grano largo,Granos,98.00,19.00,1862.00,180.61
1206,08/07/2018,8,Empresa H,Monterrey,Nuevo León,Nancy Gil de la Peña,Norte,10/07/2018,Empresa de embarque C,Tarjeta de crédito,Mozzarella,Productos lácteos,487.20,27.00,13154.40,1249.67
1209,03/07/2018,3,Empresa C,Acapulco,Guerrero,Mayra Aguilar Sepúlveda,Occidente,05/07/2018,Empresa de embarque B,Efectivo,Jarabe,Condimentos,140.00,99.00,13860.00,1330.56
1210,03/07/2018,3,Empresa C,Acapulco,Guerrero,Mayra Aguilar Sepúlveda,Occidente,05/07/2018,Empresa de embarque B,Efectivo,Salsa curry,Salsas,560.00,10.00,5600.00,560.00
1214,10/07/2018,10,Empresa J,León,Guanajuato,Laura Gutiérrez Saenz,Bajío,12/07/2018,Empresa de embarque B,Tarjeta de crédito,Almendras,Frutas secas,140.00,80.00,11200.00,1086.40
1216,10/07/2018,10,Empresa J,León,Guanajuato,Laura Gutiérrez Saenz,Bajío,,Empresa de embarque A,,Ciruelas secas,Frutas secas,49.00,27.00,1323.00,127.01
1217,11/07/2018,11,Empresa K,Ciudad de México,Ciudad de México,Ana del Valle Hinojosa,Centro,,Empresa de embarque C,,Salsa curry,Salsas,560.00,97.00,54320.00,5323.36
1218,01/07/2018,1,Empresa A,Torreón,Coahuila,Nancy Gil de la Peña,Norte,,Empresa de embarque C,,Carne de cangrejo,Carne enlatada,257.60,42.00,10819.20,1125.20
1219,28/07/2018,28,Empresa BB,Toluca,Estado de México,Ana del Valle Hinojosa,Centro,30/07/2018,Empresa de embarque C,Tarjeta de crédito,Café,Bebidas,644.00,24.00,15456.00,1483.78
1220,09/07/2018,9,Empresa I,Guadalajara,Jalisco,Robert Zárate Carrillo,Occidente,11/07/2018,Empresa de embarque A,Cheque,Almejas,Sopas,135.10,90.00,12159.00,1167.26
1221,06/07/2018,6,Empresa F,Tijuana,Baja California,Luis Miguel Valdés Garza,Norte,08/07/2018,Empresa de embarque B,Tarjeta de crédito,Chocolate,Dulces,178.50,28.00,4998.00,499.80
1222,28/08/2018,28,Empresa BB,Toluca,Estado de México,Ana del Valle Hinojosa,Centro,30/08/2018,Empresa de embarque C,Cheque,Café,Bebidas,644.00,28.00,18032.00,1875.33
1223,08/08/2018,8,Empresa H,Monterrey,Nuevo León,Nancy Gil de la Peña,Norte,10/08/2018,Empresa de embarque C,Cheque,Chocolate,Dulces,178.50,57.00,10174.50,976.75
1224,10/08/2018,10,Empresa J,León,Guanajuato,Laura Gutiérrez Saenz,Bajío,12/08/2018,Empresa de embarque B,Tarjeta de crédito,Té verde,Bebidas,41.86,23.00,962.78,93.39
1225,07/08/2018,7,Empresa G,Chihuahua,Chihuahua,Nancy Gil de la Peña,Norte,,,,Café,Bebidas,644.00,86.00,55384.00,5593.78
1226,10/08/2018,10,Empresa J,León,Guanajuato,Laura Gutiérrez Saenz,Bajío,12/08/2018,Empresa de embarque A,,Jalea de fresa,Mermeladas y jaleas,350.00,47.00,16450.00,1628.55
1227,10/08/2018,10,Empresa J,León,Guanajuato,Laura Gutiérrez Saenz,Bajío,12/08/2018,Empresa de embarque A,,Condimento cajún,Condimentos,308.00,97.00,29876.00,3107.10
1228,10/08/2018,10,Empresa J,León,Guanajuato,Laura Gutiérrez Saenz,Bajío,12/08/2018,Empresa de embarque A,,Galletas de chocolate,Productos horneados,128.80,96.00,12364.80,1211.75
1229,11/08/2018,11,Empresa K,Ciudad de México,Ciudad de México,Ana del Valle Hinojosa,Centro,,Empresa de embarque C,,Ciruelas secas,Frutas secas,49.00,31.00,1519.00,151.90
1230,11/08/2018,11,Empresa K,Ciudad de México,Ciudad de México,Ana del Valle Hinojosa,Centro,,Empresa de embarque C,,Té verde,Bebidas,41.86,52.00,2176.72,224.20
1231,01/08/2018,1,Empresa A,Torreón,Coahuila,Nancy Gil de la Peña,Norte,,,,Té chai,Bebidas,252.00,91.00,22932.00,2224.40
1232,01/08/2018,1,Empresa A,Torreón,Coahuila,Nancy Gil de la Peña,Norte,,,,Café,Bebidas,644.00,14.00,9016.00,892.58
1233,01/08/2018,1,Empresa A,Torreón,Coahuila,Nancy Gil de la Peña,Norte,,,,Té verde,Bebidas,41.86,44.00,1841.84,186.03
1234,28/08/2018,28,Empresa BB,Toluca,Estado de México,Ana del Valle Hinojosa,Centro,30/08/2018,Empresa de embarque C,Tarjeta de crédito,Almejas,Sopas,135.10,97.00,13104.70,1336.68
1235,28/08/2018,28,Empresa BB,Toluca,Estado de México,Ana del Valle Hinojosa,Centro,30/08/2018,Empresa de embarque C,Tarjeta de crédito,Carne de cangrejo,Carne enlatada,257.60,80.00,20608.00,2102.02
1236,09/08/2018,9,Empresa I,Guadalajara,Jalisco,Robert Zárate Carrillo,Occidente,11/08/2018,Empresa de embarque A,Cheque,Ravioli,Pasta,273.00,66.00,18018.00,1855.85
1237,09/08/2018,9,Empresa I,Guadalajara,Jalisco,Robert Zárate Carrillo,Occidente,11/08/2018,Empresa de embarque A,Cheque,Mozzarella,Productos lácteos,487.20,32.00,15590.40,1559.04
1238,06/08/2018,6,Empresa F,Tijuana,Baja California,Luis Miguel Valdés Garza,Norte,08/08/2018,Empresa de embarque B,Tarjeta de crédito,Cerveza,Bebidas,196.00,52.00,10192.00,1019.20
1239,08/08/2018,8,Empresa H,Monterrey,Nuevo León,Nancy Gil de la Peña,Norte,10/08/2018,Empresa de embarque B,Cheque,Salsa curry,Salsas,560.00,78.00,43680.00,4455.36
1240,08/08/2018,8,Empresa H,Monterrey,Nuevo León,Nancy Gil de la Peña,Norte,10/08/2018,Empresa de embarque B,Cheque,Galletas de chocolate,Productos horneados,128.80,54.00,6955.20,688.56
1241,25/08/2018,25,Empresa Y,León,Guanajuato,Laura Gutiérrez Saenz,Bajío,27/08/2018,Empresa de embarque A,Efectivo,Bolillos,Productos horneados,140.00,55.00,7700.00,731.50
1242,26/08/2018,26,Empresa Z,Ciudad de México,Ciudad de México,Ana del Valle Hinojosa,Centro,28/08/2018,Empresa de embarque C,Tarjeta de crédito,Aceite de oliva,Aceite,298.90,60.00,17934.00,1811.33
1243,26/08/2018,26,Empresa Z,Ciudad de México,Ciudad de México,Ana del Valle Hinojosa,Centro,28/08/2018,Empresa de embarque C,Tarjeta de crédito,Almejas,Sopas,135.10,19.00,2566.90,243.86
1244,26/08/2018,26,Empresa Z,Ciudad de México,Ciudad de México,Ana del Valle Hinojosa,Centro,28/08/2018,Empresa de embarque C,Tarjeta de crédito,Carne de cangrejo,Carne enlatada,257.60,66.00,17001.60,1751.16
1245,29/08/2018,29,Empresa CC,Puerto Vallarta,Jalisco,José de Jesús Morales,Occidente,31/08/2018,Empresa de embarque B,Cheque,Cerveza,Bebidas,196.00,42.00,8232.00,831.43
1246,06/08/2018,6,Empresa F,Tijuana,Baja California,Luis Miguel Valdés Garza,Norte,08/08/2018,Empresa de embarque C,Cheque,Chocolate,Dulces,178.50,72.00,12852.00,1246.64
1248,04/08/2018,4,Empresa D,Querétaro,Querétaro,Andrés González Rico,Bajío,06/08/2018,Empresa de embarque A,Tarjeta de crédito,Mermelada de zarzamora,Mermeladas y jaleas,1134.00,32.00,36288.00,3519.94
1249,04/08/2018,4,Empresa D,Querétaro,Querétaro,Andrés González Rico,Bajío,06/08/2018,Empresa de embarque A,Tarjeta de crédito,Arroz de grano largo,Granos,98.00,76.00,7448.00,752.25
1250,10/09/2018,10,Empresa J,León,Guanajuato,Laura Gutiérrez Saenz,Bajío,12/09/2018,Empresa de embarque A,,Galletas de chocolate,Productos horneados,128.80,83.00,10690.40,1047.66
1251,11/09/2018,11,Empresa K,Ciudad de México,Ciudad de México,Ana del Valle Hinojosa,Centro,,Empresa de embarque C,,Ciruelas secas,Frutas secas,49.00,91.00,4459.00,436.98
1252,11/09/2018,11,Empresa K,Ciudad de México,Ciudad de México,Ana del Valle Hinojosa,Centro,,Empresa de embarque C,,Té verde,Bebidas,41.86,64.00,2679.04,273.26
1253,01/09/2018,1,Empresa A,Torreón,Coahuila,Nancy Gil de la Peña,Norte,,,,Té chai,Bebidas,252.00,58.00,14616.00,1446.98
1254,01/09/2018,1,Empresa A,Torreón,Coahuila,Nancy Gil de la Peña,Norte,,,,Café,Bebidas,644.00,97.00,62468.00,6496.67
1255,01/09/2018,1,Empresa A,Torreón,Coahuila,Nancy Gil de la Peña,Norte,,,,Té verde,Bebidas,41.86,14.00,586.04,60.95
1256,28/09/2018,28,Empresa BB,Toluca,Estado de México,Ana del Valle Hinojosa,Centro,30/09/2018,Empresa de embarque C,Tarjeta de crédito,Almejas,Sopas,135.10,68.00,9186.80,900.31
1257,28/09/2018,28,Empresa BB,Toluca,Estado de México,Ana del Valle Hinojosa,Centro,30/09/2018,Empresa de embarque C,Tarjeta de crédito,Carne de cangrejo,Carne enlatada,257.60,32.00,8243.20,824.32
1258,09/09/2018,9,Empresa I,Guadalajara,Jalisco,Robert Zárate Carrillo,Occidente,11/09/2018,Empresa de embarque A,Cheque,Ravioli,Pasta,273.00,48.00,13104.00,1323.50
1259,09/09/2018,9,Empresa I,Guadalajara,Jalisco,Robert Zárate Carrillo,Occidente,11/09/2018,Empresa de embarque A,Cheque,Mozzarella,Productos lácteos,487.20,57.00,27770.40,2721.50
1260,06/09/2018,6,Empresa F,Tijuana,Baja California,Luis Miguel Valdés Garza,Norte,08/09/2018,Empresa de embarque B,Tarjeta de crédito,Cerveza,Bebidas,196.00,67.00,13132.00,1378.86
1261,08/09/2018,8,Empresa H,Monterrey,Nuevo León,Nancy Gil de la Peña,Norte,10/09/2018,Empresa de embarque B,Cheque,Salsa curry,Salsas,560.00,48.00,26880.00,2634.24
1262,08/09/2018,8,Empresa H,Monterrey,Nuevo León,Nancy Gil de la Peña,Norte,10/09/2018,Empresa de embarque B,Cheque,Galletas de chocolate,Productos horneados,128.80,77.00,9917.60,1011.60
1263,25/09/2018,25,Empresa Y,León,Guanajuato,Laura Gutiérrez Saenz,Bajío,27/09/2018,Empresa de embarque A,Efectivo,Bolillos,Productos horneados,140.00,94.00,13160.00,1368.64
1264,26/09/2018,26,Empresa Z,Ciudad de México,Ciudad de México,Ana del Valle Hinojosa,Centro,28/09/2018,Empresa de embarque C,Tarjeta de crédito,Aceite de oliva,Aceite,298.90,54.00,16140.60,1694.76
1265,26/09/2018,26,Empresa Z,Ciudad de México,Ciudad de México,Ana del Valle Hinojosa,Centro,28/09/2018,Empresa de embarque C,Tarjeta de crédito,Almejas,Sopas,135.10,43.00,5809.30,563.50
1266,26/09/2018,26,Empresa Z,Ciudad de México,Ciudad de México,Ana del Valle Hinojosa,Centro,28/09/2018,Empresa de embarque C,Tarjeta de crédito,Carne de cangrejo,Carne enlatada,257.60,71.00,18289.60,1883.83
1267,29/09/2018,29,Empresa CC,Puerto Vallarta,Jalisco,José de Jesús Morales,Occidente,01/10/2018,Empresa de embarque B,Cheque,Cerveza,Bebidas,196.00,50.00,9800.00,940.80
1268,06/09/2018,6,Empresa F,Tijuana,Baja California,Luis Miguel Valdés Garza,Norte,08/09/2018,Empresa de embarque C,Cheque,Chocolate,Dulces,178.50,96.00,17136.00,1679.33
1270,04/09/2018,4,Empresa D,Querétaro,Querétaro,Andrés González Rico,Bajío,06/09/2018,Empresa de embarque A,Tarjeta de crédito,Mermelada de zarzamora,Mermeladas y jaleas,1134.00,54.00,61236.00,6123.60
1271,04/09/2018,4,Empresa D,Querétaro,Querétaro,Andrés González Rico,Bajío,06/09/2018,Empresa de embarque A,Tarjeta de crédito,Arroz de grano largo,Granos,98.00,39.00,3822.00,382.20
1273,08/09/2018,8,Empresa H,Monterrey,Nuevo León,Nancy Gil de la Peña,Norte,10/09/2018,Empresa de embarque C,Tarjeta de crédito,Mozzarella,Productos lácteos,487.20,63.00,30693.60,3222.83
1276,03/09/2018,3,Empresa C,Acapulco,Guerrero,Mayra Aguilar Sepúlveda,Occidente,05/09/2018,Empresa de embarque B,Efectivo,Jarabe,Condimentos,140.00,71.00,9940.00,1023.82
1277,03/09/2018,3,Empresa C,Acapulco,Guerrero,Mayra Aguilar Sepúlveda,Occidente,05/09/2018,Empresa de embarque B,Efectivo,Salsa curry,Salsas,560.00,88.00,49280.00,5125.12
1281,10/09/2018,10,Empresa J,León,Guanajuato,Laura Gutiérrez Saenz,Bajío,12/09/2018,Empresa de embarque B,Tarjeta de crédito,Almendras,Frutas secas,140.00,59.00,8260.00,834.26
1282,06/10/2018,6,Empresa F,Tijuana,Baja California,Luis Miguel Valdés Garza,Norte,08/10/2018,Empresa de embarque B,Tarjeta de crédito,Salsa curry,Salsas,560.00,94.00,52640.00,5264.00
1283,28/10/2018,28,Empresa BB,Toluca,Estado de México,Ana del Valle Hinojosa,Centro,30/10/2018,Empresa de embarque C,Cheque,Café,Bebidas,644.00,86.00,55384.00,5316.86
1284,08/10/2018,8,Empresa H,Monterrey,Nuevo León,Nancy Gil de la Peña,Norte,10/10/2018,Empresa de embarque C,Cheque,Chocolate,Dulces,178.50,61.00,10888.50,1099.74
1285,10/10/2018,10,Empresa J,León,Guanajuato,Laura Gutiérrez Saenz,Bajío,12/10/2018,Empresa de embarque B,Tarjeta de crédito,Té verde,Bebidas,41.86,32.00,1339.52,136.63
1286,07/10/2018,7,Empresa G,Chihuahua,Chihuahua,Nancy Gil de la Peña,Norte,,,,Café,Bebidas,644.00,62.00,39928.00,4072.66
1287,10/10/2018,10,Empresa J,León,Guanajuato,Laura Gutiérrez Saenz,Bajío,12/10/2018,Empresa de embarque A,,Jalea de fresa,Mermeladas y jaleas,350.00,60.00,21000.00,2163.00
1288,10/10/2018,10,Empresa J,León,Guanajuato,Laura Gutiérrez Saenz,Bajío,12/10/2018,Empresa de embarque A,,Condimento cajún,Condimentos,308.00,51.00,15708.00,1539.38
1289,10/10/2018,10,Empresa J,León,Guanajuato,Laura Gutiérrez Saenz,Bajío,12/10/2018,Empresa de embarque A,,Galletas de chocolate,Productos horneados,128.80,49.00,6311.20,624.81
1290,11/10/2018,11,Empresa K,Ciudad de México,Ciudad de México,Ana del Valle Hinojosa,Centro,,Empresa de embarque C,,Ciruelas secas,Frutas secas,49.00,20.00,980.00,97.02
1291,11/10/2018,11,Empresa K,Ciudad de México,Ciudad de México,Ana del Valle Hinojosa,Centro,,Empresa de embarque C,,Té verde,Bebidas,41.86,49.00,2051.14,205.11
1292,01/10/2018,1,Empresa A,Torreón,Coahuila,Nancy Gil de la Peña,Norte,,,,Té chai,Bebidas,252.00,22.00,5544.00,532.22
1293,01/10/2018,1,Empresa A,Torreón,Coahuila,Nancy Gil de la Peña,Norte,,,,Café,Bebidas,644.00,73.00,47012.00,4748.21
1294,01/10/2018,1,Empresa A,Torreón,Coahuila,Nancy Gil de la Peña,Norte,,,,Té verde,Bebidas,41.86,85.00,3558.10,345.14
1295,28/10/2018,28,Empresa BB,Toluca,Estado de México,Ana del Valle Hinojosa,Centro,30/10/2018,Empresa de embarque C,Tarjeta de crédito,Almejas,Sopas,135.10,44.00,5944.40,618.22
1296,28/10/2018,28,Empresa BB,Toluca,Estado de México,Ana del Valle Hinojosa,Centro,30/10/2018,Empresa de embarque C,Tarjeta de crédito,Carne de cangrejo,Carne enlatada,257.60,24.00,6182.40,599.69
1297,09/10/2018,9,Empresa I,Guadalajara,Jalisco,Robert Zárate Carrillo,Occidente,11/10/2018,Empresa de embarque A,Cheque,Ravioli,Pasta,273.00,64.00,17472.00,1677.31
1298,09/10/2018,9,Empresa I,Guadalajara,Jalisco,Robert Zárate Carrillo,Occidente,11/10/2018,Empresa de embarque A,Cheque,Mozzarella,Productos lácteos,487.20,70.00,34104.00,3444.50
1299,06/10/2018,6,Empresa F,Tijuana,Baja California,Luis Miguel Valdés Garza,Norte,08/10/2018,Empresa de embarque B,Tarjeta de crédito,Cerveza,Bebidas,196.00,98.00,19208.00,1940.01
1300,08/10/2018,8,Empresa H,Monterrey,Nuevo León,Nancy Gil de la Peña,Norte,10/10/2018,Empresa de embarque B,Cheque,Salsa curry,Salsas,560.00,48.00,26880.00,2634.24
1301,08/10/2018,8,Empresa H,Monterrey,Nuevo León,Nancy Gil de la Peña,Norte,10/10/2018,Empresa de embarque B,Cheque,Galletas de chocolate,Productos horneados,128.80,100.00,12880.00,1275.12
1302,25/10/2018,25,Empresa Y,León,Guanajuato,Laura Gutiérrez Saenz,Bajío,27/10/2018,Empresa de embarque A,Efectivo,Bolillos,Productos horneados,140.00,90.00,12600.00,1222.20
1303,26/10/2018,26,Empresa Z,Ciudad de México,Ciudad de México,Ana del Valle Hinojosa,Centro,28/10/2018,Empresa de embarque C,Tarjeta de crédito,Aceite de oliva,Aceite,298.90,49.00,14646.10,1435.32
1304,26/10/2018,26,Empresa Z,Ciudad de México,Ciudad de México,Ana del Valle Hinojosa,Centro,28/10/2018,Empresa de embarque C,Tarjeta de crédito,Almejas,Sopas,135.10,71.00,9592.10,920.84
1305,26/10/2018,26,Empresa Z,Ciudad de México,Ciudad de México,Ana del Valle Hinojosa,Centro,28/10/2018,Empresa de embarque C,Tarjeta de crédito,Carne de cangrejo,Carne enlatada,257.60,10.00,2576.00,267.90
1306,29/10/2018,29,Empresa CC,Puerto Vallarta,Jalisco,José de Jesús Morales,Occidente,31/10/2018,Empresa de embarque B,Cheque,Cerveza,Bebidas,196.00,78.00,15288.00,1574.66
1307,06/10/2018,6,Empresa F,Tijuana,Baja California,Luis Miguel Valdés Garza,Norte,08/10/2018,Empresa de embarque C,Cheque,Chocolate,Dulces,178.50,44.00,7854.00,753.98
1309,04/10/2018,4,Empresa D,Querétaro,Querétaro,Andrés González Rico,Bajío,06/10/2018,Empresa de embarque A,Tarjeta de crédito,Mermelada de zarzamora,Mermeladas y jaleas,1134.00,82.00,92988.00,9763.74
1310,04/10/2018,4,Empresa D,Querétaro,Querétaro,Andrés González Rico,Bajío,06/10/2018,Empresa de embarque A,Tarjeta de crédito,Arroz de grano largo,Granos,98.00,29.00,2842.00,284.20
1312,08/10/2018,8,Empresa H,Monterrey,Nuevo León,Nancy Gil de la Peña,Norte,10/10/2018,Empresa de embarque C,Tarjeta de crédito,Mozzarella,Productos lácteos,487.20,93.00,45309.60,4395.03
1315,03/10/2018,3,Empresa C,Acapulco,Guerrero,Mayra Aguilar Sepúlveda,Occidente,05/10/2018,Empresa de embarque B,Efectivo,Jarabe,Condimentos,140.00,11.00,1540.00,160.16
1316,03/10/2018,3,Empresa C,Acapulco,Guerrero,Mayra Aguilar Sepúlveda,Occidente,05/10/2018,Empresa de embarque B,Efectivo,Salsa curry,Salsas,560.00,91.00,50960.00,5096.00
1320,10/10/2018,10,Empresa J,León,Guanajuato,Laura Gutiérrez Saenz,Bajío,12/10/2018,Empresa de embarque B,Tarjeta de crédito,Almendras,Frutas secas,140.00,12.00,1680.00,173.04
1322,10/10/2018,10,Empresa J,León,Guanajuato,Laura Gutiérrez Saenz,Bajío,,Empresa de embarque A,,Ciruelas secas,Frutas secas,49.00,78.00,3822.00,382.20
1323,11/10/2018,11,Empresa K,Ciudad de México,Ciudad de México,Ana del Valle Hinojosa,Centro,,Empresa de embarque C,,Salsa curry,Salsas,560.00,60.00,33600.00,3192.00
1324,01/10/2018,1,Empresa A,Torreón,Coahuila,Nancy Gil de la Peña,Norte,,Empresa de embarque C,,Carne de cangrejo,Carne enlatada,257.60,23.00,5924.80,610.25
1325,28/10/2018,28,Empresa BB,Toluca,Estado de México,Ana del Valle Hinojosa,Centro,30/10/2018,Empresa de embarque C,Tarjeta de crédito,Café,Bebidas,644.00,34.00,21896.00,2211.50
1326,09/10/2018,9,Empresa I,Guadalajara,Jalisco,Robert Zárate Carrillo,Occidente,11/10/2018,Empresa de embarque A,Cheque,Almejas,Sopas,135.10,89.00,12023.90,1214.41
1327,06/10/2018,6,Empresa F,Tijuana,Baja California,Luis Miguel Valdés Garza,Norte,08/10/2018,Empresa de embarque B,Tarjeta de crédito,Chocolate,Dulces,178.50,82.00,14637.00,1449.06
1328,08/10/2018,8,Empresa H,Monterrey,Nuevo León,Nancy Gil de la Peña,Norte,10/10/2018,Empresa de embarque B,Cheque,Chocolate,Dulces,178.50,43.00,7675.50,736.85
1329,10/11/2018,10,Empresa J,León,Guanajuato,Laura Gutiérrez Saenz,Bajío,12/11/2018,Empresa de embarque A,,Condimento cajún,Condimentos,308.00,96.00,29568.00,3104.64
1330,10/11/2018,10,Empresa J,León,Guanajuato,Laura Gutiérrez Saenz,Bajío,12/11/2018,Empresa de embarque A,,Galletas de chocolate,Productos horneados,128.80,34.00,4379.20,437.92
1331,11/11/2018,11,Empresa K,Ciudad de México,Ciudad de México,Ana del Valle Hinojosa,Centro,,Empresa de embarque C,,Ciruelas secas,Frutas secas,49.00,42.00,2058.00,211.97
1332,11/11/2018,11,Empresa K,Ciudad de México,Ciudad de México,Ana del Valle Hinojosa,Centro,,Empresa de embarque C,,Té verde,Bebidas,41.86,100.00,4186.00,426.97
1333,01/11/2018,1,Empresa A,Torreón,Coahuila,Nancy Gil de la Peña,Norte,,,,Té chai,Bebidas,252.00,42.00,10584.00,1068.98
1334,01/11/2018,1,Empresa A,Torreón,Coahuila,Nancy Gil de la Peña,Norte,,,,Café,Bebidas,644.00,16.00,10304.00,989.18
1335,01/11/2018,1,Empresa A,Torreón,Coahuila,Nancy Gil de la Peña,Norte,,,,Té verde,Bebidas,41.86,22.00,920.92,89.33
1336,28/11/2018,28,Empresa BB,Toluca,Estado de México,Ana del Valle Hinojosa,Centro,30/11/2018,Empresa de embarque C,Tarjeta de crédito,Almejas,Sopas,135.10,46.00,6214.60,640.10
1337,28/11/2018,28,Empresa BB,Toluca,Estado de México,Ana del Valle Hinojosa,Centro,30/11/2018,Empresa de embarque C,Tarjeta de crédito,Carne de cangrejo,Carne enlatada,257.60,100.00,25760.00,2576.00
1338,09/11/2018,9,Empresa I,Guadalajara,Jalisco,Robert Zárate Carrillo,Occidente,11/11/2018,Empresa de embarque A,Cheque,Ravioli,Pasta,273.00,87.00,23751.00,2446.35
1339,09/11/2018,9,Empresa I,Guadalajara,Jalisco,Robert Zárate Carrillo,Occidente,11/11/2018,Empresa de embarque A,Cheque,Mozzarella,Productos lácteos,487.20,58.00,28257.60,2882.28
1340,06/11/2018,6,Empresa F,Tijuana,Baja California,Luis Miguel Valdés Garza,Norte,08/11/2018,Empresa de embarque B,Tarjeta de crédito,Cerveza,Bebidas,196.00,85.00,16660.00,1682.66
1341,08/11/2018,8,Empresa H,Monterrey,Nuevo León,Nancy Gil de la Peña,Norte,10/11/2018,Empresa de embarque B,Cheque,Salsa curry,Salsas,560.00,28.00,15680.00,1552.32
1342,08/11/2018,8,Empresa H,Monterrey,Nuevo León,Nancy Gil de la Peña,Norte,10/11/2018,Empresa de embarque B,Cheque,Galletas de chocolate,Productos horneados,128.80,19.00,2447.20,239.83
1343,25/11/2018,25,Empresa Y,León,Guanajuato,Laura Gutiérrez Saenz,Bajío,27/11/2018,Empresa de embarque A,Efectivo,Bolillos,Productos horneados,140.00,99.00,13860.00,1441.44
1344,26/11/2018,26,Empresa Z,Ciudad de México,Ciudad de México,Ana del Valle Hinojosa,Centro,28/11/2018,Empresa de embarque C,Tarjeta de crédito,Aceite de oliva,Aceite,298.90,69.00,20624.10,2144.91
1345,26/11/2018,26,Empresa Z,Ciudad de México,Ciudad de México,Ana del Valle Hinojosa,Centro,28/11/2018,Empresa de embarque C,Tarjeta de crédito,Almejas,Sopas,135.10,37.00,4998.70,474.88
1346,26/11/2018,26,Empresa Z,Ciudad de México,Ciudad de México,Ana del Valle Hinojosa,Centro,28/11/2018,Empresa de embarque C,Tarjeta de crédito,Carne de cangrejo,Carne enlatada,257.60,64.00,16486.40,1665.13
1347,29/11/2018,29,Empresa CC,Puerto Vallarta,Jalisco,José de Jesús Morales,Occidente,01/12/2018,Empresa de embarque B,Cheque,Cerveza,Bebidas,196.00,38.00,7448.00,774.59
1348,06/11/2018,6,Empresa F,Tijuana,Baja California,Luis Miguel Valdés Garza,Norte,08/11/2018,Empresa de embarque C,Cheque,Chocolate,Dulces,178.50,15.00,2677.50,259.72
1350,04/11/2018,4,Empresa D,Querétaro,Querétaro,Andrés González Rico,Bajío,06/11/2018,Empresa de embarque A,Tarjeta de crédito,Mermelada de zarzamora,Mermeladas y jaleas,1134.00,52.00,58968.00,5778.86
1351,04/11/2018,4,Empresa D,Querétaro,Querétaro,Andrés González Rico,Bajío,06/11/2018,Empresa de embarque A,Tarjeta de crédito,Arroz de grano largo,Granos,98.00,37.00,3626.00,355.35
1353,08/11/2018,8,Empresa H,Monterrey,Nuevo León,Nancy Gil de la Peña,Norte,10/11/2018,Empresa de embarque C,Tarjeta de crédito,Mozzarella,Productos lácteos,487.20,24.00,11692.80,1122.51
1356,03/11/2018,3,Empresa C,Acapulco,Guerrero,Mayra Aguilar Sepúlveda,Occidente,05/11/2018,Empresa de embarque B,Efectivo,Jarabe,Condimentos,140.00,36.00,5040.00,519.12
1357,03/11/2018,3,Empresa C,Acapulco,Guerrero,Mayra Aguilar Sepúlveda,Occidente,05/11/2018,Empresa de embarque B,Efectivo,Salsa curry,Salsas,560.00,24.00,13440.00,1344.00
1361,10/11/2018,10,Empresa J,León,Guanajuato,Laura Gutiérrez Saenz,Bajío,12/11/2018,Empresa de embarque B,Tarjeta de crédito,Almendras,Frutas secas,140.00,20.00,2800.00,280.00
1363,10/11/2018,10,Empresa J,León,Guanajuato,Laura Gutiérrez Saenz,Bajío,,Empresa de embarque A,,Ciruelas secas,Frutas secas,49.00,11.00,539.00,52.28
1364,11/11/2018,11,Empresa K,Ciudad de México,Ciudad de México,Ana del Valle Hinojosa,Centro,,Empresa de embarque C,,Salsa curry,Salsas,560.00,78.00,43680.00,4193.28
1365,01/11/2018,1,Empresa A,Torreón,Coahuila,Nancy Gil de la Peña,Norte,,Empresa de embarque C,,Carne de cangrejo,Carne enlatada,257.60,76.00,19577.60,2016.49
1366,28/11/2018,28,Empresa BB,Toluca,Estado de México,Ana del Valle Hinojosa,Centro,30/11/2018,Empresa de embarque C,Tarjeta de crédito,Café,Bebidas,644.00,57.00,36708.00,3817.63
1367,09/11/2018,9,Empresa I,Guadalajara,Jalisco,Robert Zárate Carrillo,Occidente,11/11/2018,Empresa de embarque A,Cheque,Almejas,Sopas,135.10,14.00,1891.40,181.57
1368,27/12/2018,27,Empresa AA,Mazatlán,Sinaloa,Mayra Aguilar Sepúlveda,Occidente,29/12/2018,Empresa de embarque B,Cheque,Cerveza,Bebidas,196.00,14.00,2744.00,277.14
1369,27/12/2018,27,Empresa AA,Mazatlán,Sinaloa,Mayra Aguilar Sepúlveda,Occidente,29/12/2018,Empresa de embarque B,Cheque,Ciruelas secas,Frutas secas,49.00,70.00,3430.00,353.29
1370,04/12/2018,4,Empresa D,Querétaro,Querétaro,Andrés González Rico,Bajío,06/12/2018,Empresa de embarque A,Tarjeta de crédito,Peras secas,Frutas secas,420.00,100.00,42000.00,4074.00
1371,04/12/2018,4,Empresa D,Querétaro,Querétaro,Andrés González Rico,Bajío,06/12/2018,Empresa de embarque A,Tarjeta de crédito,Manzanas secas,Frutas secas,742.00,27.00,20034.00,2003.40
1372,04/12/2018,4,Empresa D,Querétaro,Querétaro,Andrés González Rico,Bajío,06/12/2018,Empresa de embarque A,Tarjeta de crédito,Ciruelas secas,Frutas secas,49.00,70.00,3430.00,336.14
1373,12/12/2018,12,Empresa L,Mazatlán,Sinaloa,Mayra Aguilar Sepúlveda,Occidente,14/12/2018,Empresa de embarque B,Tarjeta de crédito,Té chai,Bebidas,252.00,57.00,14364.00,1436.40
1374,12/12/2018,12,Empresa L,Mazatlán,Sinaloa,Mayra Aguilar Sepúlveda,Occidente,14/12/2018,Empresa de embarque B,Tarjeta de crédito,Café,Bebidas,644.00,83.00,53452.00,5238.30
1375,08/12/2018,8,Empresa H,Monterrey,Nuevo León,Nancy Gil de la Peña,Norte,10/12/2018,Empresa de embarque C,Tarjeta de crédito,Galletas de chocolate,Productos horneados,128.80,76.00,9788.80,939.72
1376,04/12/2018,4,Empresa D,Querétaro,Querétaro,Andrés González Rico,Bajío,06/12/2018,Empresa de embarque C,Cheque,Galletas de chocolate,Productos horneados,128.80,80.00,10304.00,1020.10
1377,29/12/2018,29,Empresa CC,Puerto Vallarta,Jalisco,José de Jesús Morales,Occidente,31/12/2018,Empresa de embarque B,Cheque,Chocolate,Dulces,178.50,47.00,8389.50,830.56
1378,03/12/2018,3,Empresa C,Acapulco,Guerrero,Mayra Aguilar Sepúlveda,Occidente,05/12/2018,Empresa de embarque B,Efectivo,Almejas,Sopas,135.10,96.00,12969.60,1322.90
1379,06/12/2018,6,Empresa F,Tijuana,Baja California,Luis Miguel Valdés Garza,Norte,08/12/2018,Empresa de embarque B,Tarjeta de crédito,Salsa curry,Salsas,560.00,32.00,17920.00,1881.60
1380,28/12/2018,28,Empresa BB,Toluca,Estado de México,Ana del Valle Hinojosa,Centro,30/12/2018,Empresa de embarque C,Cheque,Café,Bebidas,644.00,16.00,10304.00,1030.40
1381,08/12/2018,8,Empresa H,Monterrey,Nuevo León,Nancy Gil de la Peña,Norte,10/12/2018,Empresa de embarque C,Cheque,Chocolate,Dulces,178.50,41.00,7318.50,717.21
1382,10/12/2018,10,Empresa J,León,Guanajuato,Laura Gutiérrez Saenz,Bajío,12/12/2018,Empresa de embarque B,Tarjeta de crédito,Té verde,Bebidas,41.86,41.00,1716.26,180.21
1383,07/12/2018,7,Empresa G,Chihuahua,Chihuahua,Nancy Gil de la Peña,Norte,,,,Café,Bebidas,644.00,41.00,26404.00,2719.61
1384,10/12/2018,10,Empresa J,León,Guanajuato,Laura Gutiérrez Saenz,Bajío,12/12/2018,Empresa de embarque A,,Jalea de fresa,Mermeladas y jaleas,350.00,94.00,32900.00,3290.00
1385,10/12/2018,10,Empresa J,León,Guanajuato,Laura Gutiérrez Saenz,Bajío,12/12/2018,Empresa de embarque A,,Condimento cajún,Condimentos,308.00,20.00,6160.00,646.80
1386,10/12/2018,10,Empresa J,León,Guanajuato,Laura Gutiérrez Saenz,Bajío,12/12/2018,Empresa de embarque A,,Galletas de chocolate,Productos horneados,128.80,13.00,1674.40,174.14
1387,11/12/2018,11,Empresa K,Ciudad de México,Ciudad de México,Ana del Valle Hinojosa,Centro,,Empresa de embarque C,,Ciruelas secas,Frutas secas,49.00,74.00,3626.00,377.10
1388,11/12/2018,11,Empresa K,Ciudad de México,Ciudad de México,Ana del Valle Hinojosa,Centro,,Empresa de embarque C,,Té verde,Bebidas,41.86,53.00,2218.58,224.08
1389,01/12/2018,1,Empresa A,Torreón,Coahuila,Nancy Gil de la Peña,Norte,,,,Té chai,Bebidas,252.00,99.00,24948.00,2444.90
1390,01/12/2018,1,Empresa A,Torreón,Coahuila,Nancy Gil de la Peña,Norte,,,,Café,Bebidas,644.00,89.00,57316.00,5445.02
1391,01/12/2018,1,Empresa A,Torreón,Coahuila,Nancy Gil de la Peña,Norte,,,,Té verde,Bebidas,41.86,64.00,2679.04,273.26
1392,28/12/2018,28,Empresa BB,Toluca,Estado de México,Ana del Valle Hinojosa,Centro,30/12/2018,Empresa de embarque C,Tarjeta de crédito,Almejas,Sopas,135.10,98.00,13239.80,1350.46
1393,28/12/2018,28,Empresa BB,Toluca,Estado de México,Ana del Valle Hinojosa,Centro,30/12/2018,Empresa de embarque C,Tarjeta de crédito,Carne de cangrejo,Carne enlatada,257.60,86.00,22153.60,2171.05
1394,09/12/2018,9,Empresa I,Guadalajara,Jalisco,Robert Zárate Carrillo,Occidente,11/12/2018,Empresa de embarque A,Cheque,Ravioli,Pasta,273.00,20.00,5460.00,573.30
1395,09/12/2018,9,Empresa I,Guadalajara,Jalisco,Robert Zárate Carrillo,Occidente,11/12/2018,Empresa de embarque A,Cheque,Mozzarella,Productos lácteos,487.20,69.00,33616.80,3361.68
1396,06/12/2018,6,Empresa F,Tijuana,Baja California,Luis Miguel Valdés Garza,Norte,08/12/2018,Empresa de embarque B,Tarjeta de crédito,Cerveza,Bebidas,196.00,68.00,13328.00,1279.49
1397,08/12/2018,8,Empresa H,Monterrey,Nuevo León,Nancy Gil de la Peña,Norte,10/12/2018,Empresa de embarque B,Cheque,Salsa curry,Salsas,560.00,52.00,29120.00,2853.76
1398,08/12/2018,8,Empresa H,Monterrey,Nuevo León,Nancy Gil de la Peña,Norte,10/12/2018,Empresa de embarque B,Cheque,Galletas de chocolate,Productos horneados,128.80,40.00,5152.00,540.96
1399,25/12/2018,25,Empresa Y,León,Guanajuato,Laura Gutiérrez Saenz,Bajío,27/12/2018,Empresa de embarque A,Efectivo,Bolillos,Productos horneados,140.00,100.00,14000.00,1372.00
1400,26/12/2018,26,Empresa Z,Ciudad de México,Ciudad de México,Ana del Valle Hinojosa,Centro,28/12/2018,Empresa de embarque C,Tarjeta de crédito,Aceite de oliva,Aceite,298.90,88.00,26303.20,2577.71
1401,26/12/2018,26,Empresa Z,Ciudad de México,Ciudad de México,Ana del Valle Hinojosa,Centro,28/12/2018,Empresa de embarque C,Tarjeta de crédito,Almejas,Sopas,135.10,46.00,6214.60,596.60
1402,26/12/2018,26,Empresa Z,Ciudad de México,Ciudad de México,Ana del Valle Hinojosa,Centro,28/12/2018,Empresa de embarque C,Tarjeta de crédito,Carne de cangrejo,Carne enlatada,257.60,93.00,23956.80,2347.77
1403,29/12/2018,29,Empresa CC,Puerto Vallarta,Jalisco,José de Jesús Morales,Occidente,31/12/2018,Empresa de embarque B,Cheque,Cerveza,Bebidas,196.00,96.00,18816.00,1975.68
1404,06/12/2018,6,Empresa F,Tijuana,Baja California,Luis Miguel Valdés Garza,Norte,08/12/2018,Empresa de embarque C,Cheque,Chocolate,Dulces,178.50,12.00,2142.00,224.91
1406,04/12/2018,4,Empresa D,Querétaro,Querétaro,Andrés González Rico,Bajío,06/12/2018,Empresa de embarque A,Tarjeta de crédito,Mermelada de zarzamora,Mermeladas y jaleas,1134.00,38.00,43092.00,4093.74
1407,04/12/2018,4,Empresa D,Querétaro,Querétaro,Andrés González Rico,Bajío,06/12/2018,Empresa de embarque A,Tarjeta de crédito,Arroz de grano largo,Granos,98.00,42.00,4116.00,407.48
1409,08/12/2018,8,Empresa H,Monterrey,Nuevo León,Nancy Gil de la Peña,Norte,10/12/2018,Empresa de embarque C,Tarjeta de crédito,Mozzarella,Productos lácteos,487.20,100.00,48720.00,4823.28
1412,03/12/2018,3,Empresa C,Acapulco,Guerrero,Mayra Aguilar Sepúlveda,Occidente,05/12/2018,Empresa de embarque B,Efectivo,Jarabe,Condimentos,140.00,89.00,12460.00,1221.08
1413,03/12/2018,3,Empresa C,Acapulco,Guerrero,Mayra Aguilar Sepúlveda,Occidente,05/12/2018,Empresa de embarque B,Efectivo,Salsa curry,Salsas,560.00,12.00,6720.00,651.84
1417,10/12/2018,10,Empresa J,León,Guanajuato,Laura Gutiérrez Saenz,Bajío,12/12/2018,Empresa de embarque B,Tarjeta de crédito,Almendras,Frutas secas,140.00,97.00,13580.00,1412.32
1419,10/12/2018,10,Empresa J,León,Guanajuato,Laura Gutiérrez Saenz,Bajío,,Empresa de embarque A,,Ciruelas secas,Frutas secas,49.00,53.00,2597.00,246.72
1420,11/12/2018,11,Empresa K,Ciudad de México,Ciudad de México,Ana del Valle Hinojosa,Centro,,Empresa de embarque C,,Salsa curry,Salsas,560.00,61.00,34160.00,3484.32
1421,01/12/2018,1,Empresa A,Torreón,Coahuila,Nancy Gil de la Peña,Norte,,Empresa de embarque C,,Carne de cangrejo,Carne enlatada,257.60,45.00,11592.00,1136.02
1422,28/12/2018,28,Empresa BB,Toluca,Estado de México,Ana del Valle Hinojosa,Centro,30/12/2018,Empresa de embarque C,Tarjeta de crédito,Café,Bebidas,644.00,43.00,27692.00,2769.20
1423,09/12/2018,9,Empresa I,Guadalajara,Jalisco,Robert Zárate Carrillo,Occidente,11/12/2018,Empresa de embarque A,Cheque,Almejas,Sopas,135.10,18.00,2431.80,231.02
1424,06/12/2018,6,Empresa F,Tijuana,Baja California,Luis Miguel Valdés Garza,Norte,08/12/2018,Empresa de embarque B,Tarjeta de crédito,Chocolate,Dulces,178.50,41.00,7318.50,709.89
1425,08/12/2018,8,Empresa H,Monterrey,Nuevo León,Nancy Gil de la Peña,Norte,10/12/2018,Empresa de embarque B,Cheque,Chocolate,Dulces,178.50,19.00,3391.50,335.76
1426,25/12/2018,25,Empresa Y,León,Guanajuato,Laura Gutiérrez Saenz,Bajío,27/12/2018,Empresa de embarque A,Efectivo,Condimento cajún,Condimentos,308.00,65.00,20020.00,1941.94
1427,26/12/2018,26,Empresa Z,Ciudad de México,Ciudad de México,Ana del Valle Hinojosa,Centro,28/12/2018,Empresa de embarque C,Tarjeta de crédito,Jalea de fresa,Mermeladas y jaleas,350.00,13.00,4550.00,450.45
1428,29/12/2018,29,Empresa CC,Puerto Vallarta,Jalisco,José de Jesús Morales,Occidente,31/12/2018,Empresa de embarque B,Cheque,Cóctel de frutas,Frutas y vegetales,546.00,54.00,29484.00,3007.37
1429,06/12/2018,6,Empresa F,Tijuana,Baja California,Luis Miguel Valdés Garza,Norte,08/12/2018,Empresa de embarque C,Cheque,Peras secas,Frutas secas,420.00,33.00,13860.00,1330.56
1430,06/12/2018,6,Empresa F,Tijuana,Baja California,Luis Miguel Valdés Garza,Norte,08/12/2018,Empresa de embarque C,Cheque,Manzanas secas,Frutas secas,742.00,34.00,25228.00,2598.48
1431,04/12/2018,4,Empresa D,Querétaro,Querétaro,Andrés González Rico,Bajío,,,,Pasta penne,Pasta,532.00,59.00,31388.00,3170.19
1432,03/12/2018,3,Empresa C,Acapulco,Guerrero,Mayra Aguilar Sepúlveda,Occidente,,,,Té verde,Bebidas,41.86,24.00,1004.64,99.46
